"label","file","start_s","end_s","duration_s","peak_rms"
"left","samples/left/left_001.wav","0","0.76","0.76","4603.8"
"left","samples/left/left_002.wav","2.5","3.4","0.9","4601.7"
"left","samples/left/left_003.wav","5.14","6.02","0.88","4521.1"
"left","samples/left/left_004.wav","7.78","8.66","0.88","4607.4"
"left","samples/left/left_005.wav","10.4","11.28","0.88","4449.9"
"left","samples/left/left_006.wav","13.04","13.92","0.88","4639.1"
"left","samples/left/left_007.wav","15.66","16.56","0.9","4567.8"
"left","samples/left/left_008.wav","18.3","19.18","0.88","4365.9"
"left","samples/left/left_009.wav","20.92","21.82","0.9","4648.9"
"left","samples/left/left_010.wav","23.56","24.44","0.88","4335.8"
"left","samples/left/left_011.wav","26.18","27.08","0.9","4671.3"
"left","samples/left/left_012.wav","28.82","29.7","0.88","4477.3"
"left","samples/left/left_013.wav","31.44","32.34","0.9","4696.6"
"left","samples/left/left_014.wav","34.08","34.96","0.88","4421.2"
"left","samples/left/left_015.wav","36.7","37.6","0.9","4438"
"left","samples/left/left_016.wav","39.34","40.22","0.88","4484.2"
"left","samples/left/left_017.wav","41.96","42.86","0.9","4448.2"
"left","samples/left/left_018.wav","44.6","45.48","0.88","4597"
"left","samples/left/left_019.wav","47.22","48.12","0.9","4573.9"
"left","samples/left/left_020.wav","49.86","50.74","0.88","4626.4"
"left","samples/left/left_021.wav","52.48","53.38","0.9","4480.6"
"left","samples/left/left_022.wav","55.12","56","0.88","4466.7"
"left","samples/left/left_023.wav","57.76","58.64","0.88","4593.5"
"left","samples/left/left_024.wav","60.38","61.28","0.9","4440.9"
"left","samples/left/left_025.wav","63.02","63.9","0.88","4394.4"
"left","samples/left/left_026.wav","65.64","66.54","0.9","4597.9"
"left","samples/left/left_027.wav","68.28","69.16","0.88","4314.8"
"left","samples/left/left_028.wav","70.9","71.8","0.9","4531.1"
"left","samples/left/left_029.wav","73.54","74.42","0.88","4445.5"
"left","samples/left/left_030.wav","76.16","77.06","0.9","4678.4"
"right","samples/right/right_001.wav","0","0.9","0.9","6576"
"right","samples/right/right_002.wav","2.6","3.66","1.06","5790.6"
"right","samples/right/right_003.wav","5.34","6.4","1.06","6543.9"
"right","samples/right/right_004.wav","8.1","9.16","1.06","6198.5"
"right","samples/right/right_005.wav","10.84","11.92","1.08","6442.4"
"right","samples/right/right_006.wav","13.6","14.66","1.06","6463.3"
"right","samples/right/right_007.wav","16.36","17.42","1.06","5977.6"
"right","samples/right/right_008.wav","19.1","20.16","1.06","6636.6"
"right","samples/right/right_009.wav","21.86","22.92","1.06","5980.5"
"right","samples/right/right_010.wav","24.6","25.66","1.06","6504.2"
"right","samples/right/right_011.wav","27.36","28.42","1.06","6350.6"
"right","samples/right/right_012.wav","30.1","31.18","1.08","6187.9"
"right","samples/right/right_013.wav","32.86","33.92","1.06","6504.9"
"right","samples/right/right_014.wav","35.62","36.68","1.06","5819.9"
"right","samples/right/right_015.wav","38.36","39.42","1.06","6544.7"
"right","samples/right/right_016.wav","41.12","42.18","1.06","6143.4"
"right","samples/right/right_017.wav","43.86","44.94","1.08","6404.8"
"right","samples/right/right_018.wav","46.62","47.68","1.06","6535.2"
"right","samples/right/right_019.wav","49.36","50.44","1.08","5971.5"
"right","samples/right/right_020.wav","52.12","53.18","1.06","6676.2"
"right","samples/right/right_021.wav","54.88","55.94","1.06","5992.4"
"right","samples/right/right_022.wav","57.62","58.68","1.06","6517.8"
"right","samples/right/right_023.wav","60.38","61.44","1.06","6303.3"
"right","samples/right/right_024.wav","63.12","64.2","1.08","6185.8"
"right","samples/right/right_025.wav","65.88","66.94","1.06","6481.3"
"right","samples/right/right_026.wav","68.64","69.7","1.06","5876.9"
"right","samples/right/right_027.wav","71.38","72.44","1.06","6676.7"
"right","samples/right/right_028.wav","74.14","75.2","1.06","6115.4"
"right","samples/right/right_029.wav","76.88","77.96","1.08","6465"
"right","samples/right/right_030.wav","79.64","80.7","1.06","6471.6"
